State  Code,District Code,Sub District Code,India/ State/ Union Territory/ District/ Sub-district,Name,"Total/
Rural/
Urban",Number of villages Inhabited,Number of villages Uninhabited,Number of towns,Number of households,Persons,Males,Females,"Area
 (In sq. km)",Population per sq. km.
33,0,0,STATE,TAMIL NADU,Total,15049,930,1097,18524982,72147030,36137975,36009055,130060,555
33,0,0,STATE,TAMIL NADU,Rural,15049,930,0,9528495,37229590,18679065,18550525,116424.47,320
33,0,0,STATE,TAMIL NADU,Urban,0,0,1097,8996487,34917440,17458910,17458530,13635.53,2561
33,602,0,DISTRICT,Thiruvallur,Total,582,35,58,946949,3728104,1876062,1852042,3394,1098
33,602,0,DISTRICT,Thiruvallur,Rural,582,35,0,331697,1299709,650462,649247,2856.34,455
33,602,0,DISTRICT,Thiruvallur ##,Urban,0,0,58,615252,2428395,1225600,1202795,537.66,4517
33,602,5693,SUB-DISTRICT,Gummidipoondi,Total,76,4,3,50144,190541,95799,94742,425.4727239,448
33,602,5693,SUB-DISTRICT,Gummidipoondi,Rural,76,4,0,42148,159356,80046,79310,402.8727239,396
33,602,5693,SUB-DISTRICT,Gummidipoondi,Urban,0,0,3,7996,31185,15753,15432,22.6,1380
33,602,5694,SUB-DISTRICT,Ponneri,Total,129,10,8,100866,389862,195181,194681,674.4409203,578
33,602,5694,SUB-DISTRICT,Ponneri,Rural,129,10,0,64051,243676,121799,121877,610.1509203,399
33,602,5694,SUB-DISTRICT,Ponneri,Urban,0,0,8,36815,146186,73382,72804,64.29,2274
33,602,5695,SUB-DISTRICT,Uthukkottai,Total,91,8,1,40313,152631,75475,77156,369.5968815,413
33,602,5695,SUB-DISTRICT,Uthukkottai,Rural,91,8,0,37069,139891,69215,70676,361.5968815,387
33,602,5695,SUB-DISTRICT,Uthukkottai,Urban,0,0,1,3244,12740,6260,6480,8,1593
33,602,5696,SUB-DISTRICT,Tiruttani,Total,65,0,1,52490,211291,105568,105723,447.8612631,472
33,602,5696,SUB-DISTRICT,Tiruttani,Rural,65,0,0,41368,166510,83215,83295,435.5012631,382
33,602,5696,SUB-DISTRICT,Tiruttani,Urban,0,0,1,11122,44781,22353,22428,12.36,3623
33,602,5697,SUB-DISTRICT,Pallipattu,Total,38,1,6,49317,214073,107698,106375,351.0486755,610
33,602,5697,SUB-DISTRICT,Pallipattu,Rural,38,1,0,35533,151910,76251,75659,303.4986755,501
33,602,5697,SUB-DISTRICT,Pallipattu,Urban,0,0,6,13784,62163,31447,30716,47.55,1307
33,602,5698,SUB-DISTRICT,Thiruvallur,Total,133,5,6,103241,407048,203911,203137,667.0819572,610
33,602,5698,SUB-DISTRICT,Thiruvallur,Rural,133,5,0,73778,289759,144915,144844,615.2519572,471
33,602,5698,SUB-DISTRICT,Thiruvallur,Urban,0,0,6,29463,117289,58996,58293,51.83,2263
33,602,5699,SUB-DISTRICT,Poonamallee,Total,24,4,11,168063,659922,333307,326615,151.280978,4362
33,602,5699,SUB-DISTRICT,Poonamallee,Rural,24,4,0,16635,65162,32684,32478,49.01,1330
33,602,5699,SUB-DISTRICT,Poonamallee,Urban,0,0,11,151428,594760,300623,294137,102.27,5816
33,602,5700,SUB-DISTRICT,Ambattur,Total,12,0,10,231525,906580,457820,448760,180.4252865,5025
33,602,5700,SUB-DISTRICT,Ambattur,Rural,12,0,0,13518,54085,27585,26500,51.54,1049
33,602,5700,SUB-DISTRICT,Ambattur,Urban,0,0,10,218007,852495,430235,422260,128.89,6614
33,602,5701,SUB-DISTRICT,Mathavaram,Total,14,3,12,150990,596156,301303,294853,126.7913141,4702
33,602,5701,SUB-DISTRICT,Mathavaram,Rural,14,3,0,7597,29360,14752,14608,26.92131406,1091
33,602,5701,SUB-DISTRICT,Mathavaram,Urban,0,0,12,143393,566796,286551,280245,99.87,5675
33,603,0,DISTRICT,Chennai,Total,0,0,1,1154982,4646732,2335844,2310888,175,26553
33,603,0,DISTRICT,Chennai,Rural,0,0,0,0,0,0,0,0,0
33,603,0,DISTRICT,Chennai,Urban,0,0,1,1154982,4646732,2335844,2310888,175,26553
33,603,99999,SUB-DISTRICT,Area not under any Sub-district,Total,0,0,1,1154982,4646732,2335844,2310888,175,26553
33,603,99999,SUB-DISTRICT,Area not under any Sub-district,Rural,0,0,0,0,0,0,0,0,0
33,603,99999,SUB-DISTRICT,Area not under any Sub-district,Urban,0,0,1,1154982,4646732,2335844,2310888,175,26553
33,604,0,DISTRICT,Kancheepuram,Total,962,57,75,1006245,3998252,2012958,1985294,4483,892
33,604,0,DISTRICT,Kancheepuram,Rural,962,57,0,361365,1459916,734979,724937,3818.41,382
33,604,0,DISTRICT,Kancheepuram,Urban,0,0,75,644880,2538336,1277979,1260357,664.59,3819
33,604,5702,SUB-DISTRICT,Sriperumbudur,Total,132,13,15,125938,510836,258881,251955,642.2939829,795
33,604,5702,SUB-DISTRICT,Sriperumbudur,Rural,132,13,0,53243,220796,112103,108693,535.9849829,412
33,604,5702,SUB-DISTRICT,Sriperumbudur,Urban,0,0,15,72695,290040,146778,143262,106.309,2728
33,604,5703,SUB-DISTRICT,Tambaram,Total,7,0,6,98067,383718,194083,189635,62.46225604,6143
33,604,5703,SUB-DISTRICT,Tambaram,Rural,7,0,0,6866,27396,13762,13634,11.14825604,2457
33,604,5703,SUB-DISTRICT,Tambaram,Urban,0,0,6,91201,356322,180321,176001,51.314,6944
33,604,5704,SUB-DISTRICT,Alandur ,Total,0,0,11,164765,642237,322086,320151,88.62,7247
33,604,5704,SUB-DISTRICT,Alandur ,Rural,0,0,0,0,0,0,0,0,0
33,604,5704,SUB-DISTRICT,Alandur ,Urban,0,0,11,164765,642237,322086,320151,88.62,7247
33,604,5705,SUB-DISTRICT,Sholinganallur ,Total,6,0,14,143615,563342,285167,278175,116.2032918,4848
33,604,5705,SUB-DISTRICT,Sholinganallur ,Rural,6,0,0,16480,70441,35719,34722,31.87329177,2210
33,604,5705,SUB-DISTRICT,Sholinganallur ,Urban,0,0,14,127135,492901,249448,243453,84.33,5845
33,604,5706,SUB-DISTRICT,Chengalpattu,Total,146,27,12,142062,573406,289210,284196,778.0105073,737
33,604,5706,SUB-DISTRICT,Chengalpattu,Rural,146,27,0,65025,264378,133414,130964,624.1505073,424
33,604,5706,SUB-DISTRICT,Chengalpattu,Urban,0,0,12,77037,309028,155796,153232,153.86,2009
33,604,5707,SUB-DISTRICT,Kancheepuram,Total,157,9,9,124877,497711,248707,249004,636.220987,782
33,604,5707,SUB-DISTRICT,Kancheepuram,Rural,157,9,0,55563,222626,111553,111073,581.320987,383
33,604,5707,SUB-DISTRICT,Kancheepuram,Urban,0,0,9,69314,275085,137154,137931,54.9,5011
33,604,5708,SUB-DISTRICT,Uthiramerur,Total,114,2,1,37075,148133,74204,73929,427.4493088,347
33,604,5708,SUB-DISTRICT,Uthiramerur,Rural,114,2,0,30878,122939,61635,61304,400.4493088,307
33,604,5708,SUB-DISTRICT,Uthiramerur,Urban,0,0,1,6197,25194,12569,12625,27,933
33,604,5709,SUB-DISTRICT,Tirukalukundram,Total,95,6,3,49599,196897,99401,97496,358.685075,549
33,604,5709,SUB-DISTRICT,Tirukalukundram,Rural,95,6,0,33136,131183,66179,65004,328.095075,400
33,604,5709,SUB-DISTRICT,Tirukalukundram,Urban,0,0,3,16463,65714,33222,32492,30.59,2148
33,604,5710,SUB-DISTRICT,Maduranthakam,Total,188,0,3,69772,275953,138050,137903,763.6344318,361
33,604,5710,SUB-DISTRICT,Maduranthakam,Rural,188,0,0,56433,222310,111401,110909,729.9644318,305
33,604,5710,SUB-DISTRICT,Maduranthakam,Urban,0,0,3,13339,53643,26649,26994,33.67,1593
33,604,5711,SUB-DISTRICT,Cheyyur,Total,117,0,1,50475,206019,103169,102850,609.4201593,338
33,604,5711,SUB-DISTRICT,Cheyyur,Rural,117,0,0,43741,177847,89213,88634,575.4201593,309
33,604,5711,SUB-DISTRICT,Cheyyur,Urban,0,0,1,6734,28172,13956,14216,34,829
33,605,0,DISTRICT,Vellore,Total,763,95,72,929281,3936331,1961688,1974643,6075,648
33,605,0,DISTRICT,Vellore,Rural,763,95,0,536706,2234344,1117101,1117243,5531.1,404
33,605,0,DISTRICT,Vellore,Urban,0,0,72,392575,1701987,844587,857400,543.9,3129
33,605,5712,SUB-DISTRICT,Gudiyatham,Total,78,18,6,98233,425353,210817,214536,722.72,589
33,605,5712,SUB-DISTRICT,Gudiyatham,Rural,78,18,0,55303,235672,117091,118581,686.86,343
33,605,5712,SUB-DISTRICT,Gudiyatham,Urban,0,0,6,42930,189681,93726,95955,35.86,5289
33,605,5713,SUB-DISTRICT,Katpadi,Total,88,12,9,92407,391100,195567,195533,509.09,768
33,605,5713,SUB-DISTRICT,Katpadi,Rural,88,12,0,60459,248137,122543,125594,413.138,601
33,605,5713,SUB-DISTRICT,Katpadi,Urban,0,0,9,31948,142963,73024,69939,95.952,1490
33,605,5714,SUB-DISTRICT,Wallajah,Total,69,4,9,105092,444758,221084,223674,506,879
33,605,5714,SUB-DISTRICT,Wallajah,Rural,69,4,0,51691,213602,106728,106874,421.67,507
33,605,5714,SUB-DISTRICT,Wallajah,Urban,0,0,9,53401,231156,114356,116800,84.33,2741
33,605,5715,SUB-DISTRICT,Arakonam,Total,133,5,8,122251,504026,251905,252121,842.97,598
33,605,5715,SUB-DISTRICT,Arakonam,Rural,133,5,0,84630,349641,174769,174872,785.79,445
33,605,5715,SUB-DISTRICT,Arakonam,Urban,0,0,8,37621,154385,77136,77249,57.18,2700
33,605,5716,SUB-DISTRICT,Arcot,Total,95,3,5,61730,250517,124705,125812,524.0515955,478
33,605,5716,SUB-DISTRICT,Arcot,Rural,95,3,0,38008,152294,76008,76286,491.7915955,310
33,605,5716,SUB-DISTRICT,Arcot,Urban,0,0,5,23722,98223,48697,49526,32.26,3045
33,605,5717,SUB-DISTRICT,Vellore,Total,93,22,17,166169,696110,343919,352191,876.99,794
33,605,5717,SUB-DISTRICT,Vellore,Rural,93,22,0,61916,254484,126298,128186,752.881,338
33,605,5717,SUB-DISTRICT,Vellore,Urban,0,0,17,104253,441626,217621,224005,124.109,3558
33,605,5718,SUB-DISTRICT,Vaniyambadi,Total,48,5,5,77178,336548,168996,167552,532.28,632
33,605,5718,SUB-DISTRICT,Vaniyambadi,Rural,48,5,0,47482,200000,101375,98625,501.5,399
33,605,5718,SUB-DISTRICT,Vaniyambadi,Urban,0,0,5,29696,136548,67621,68927,30.78,4436
33,605,5719,SUB-DISTRICT,Ambur,Total,73,21,4,74239,326211,160982,165229,558.28,584
33,605,5719,SUB-DISTRICT,Ambur,Rural,73,21,0,42184,179202,88599,90603,526.87,340
33,605,5719,SUB-DISTRICT,Ambur,Urban,0,0,4,32055,147009,72383,74626,31.41,4680
33,605,5720,SUB-DISTRICT,Tirupathur,Total,86,5,9,131982,561708,283713,277995,1002.62,560
33,605,5720,SUB-DISTRICT,Tirupathur,Rural,86,5,0,95033,401312,203690,197622,950.6,422
33,605,5720,SUB-DISTRICT,Tirupathur,Urban,0,0,9,36949,160396,80023,80373,52.02,3083
33,606,0,DISTRICT,Tiruvannamalai,Total,1039,56,22,588836,2464875,1235889,1228986,6188.00019,398
33,606,0,DISTRICT,Tiruvannamalai,Rural,1039,56,0,472689,1969930,989726,980204,6013.68019,328
33,606,0,DISTRICT,Tiruvannamalai,Urban,0,0,22,116147,494945,246163,248782,174.32,2839
33,606,5721,SUB-DISTRICT,Arani,Total,48,0,7,70667,294976,146822,148154,418.9711631,704
33,606,5721,SUB-DISTRICT,Arani,Rural,48,0,0,44933,185402,92579,92823,379.0911631,489
33,606,5721,SUB-DISTRICT,Arani,Urban,0,0,7,25734,109574,54243,55331,39.88,2748
33,606,5722,SUB-DISTRICT,Cheyyar,Total,215,2,3,82922,338612,169798,168814,849.2661413,399
33,606,5722,SUB-DISTRICT,Cheyyar,Rural,215,2,0,70678,288321,144748,143573,828.7761413,348
33,606,5722,SUB-DISTRICT,Cheyyar,Urban,0,0,3,12244,50291,25050,25241,20.49,2454
33,606,5723,SUB-DISTRICT,Vandavasi,Total,203,7,3,82681,336121,167876,168245,880.7689348,382
33,606,5723,SUB-DISTRICT,Vandavasi,Rural,203,7,0,72742,294403,147186,147217,848.9689348,347
33,606,5723,SUB-DISTRICT,Vandavasi,Urban,0,0,3,9939,41718,20690,21028,31.8,1312
33,606,5724,SUB-DISTRICT,Polur,Total,182,14,3,109642,449860,225218,224642,1364.924495,330
33,606,5724,SUB-DISTRICT,Polur,Rural,182,14,0,94715,387606,194462,193144,1339.364495,289
33,606,5724,SUB-DISTRICT,Polur,Urban,0,0,3,14927,62254,30756,31498,25.56,2436
33,606,5725,SUB-DISTRICT,Chengam,Total,117,19,2,66734,283917,143861,140056,1025.839699,277
33,606,5725,SUB-DISTRICT,Chengam,Rural,117,19,0,57983,245555,124704,120851,1010.339699,243
33,606,5725,SUB-DISTRICT,Chengam,Urban,0,0,2,8751,38362,19157,19205,15.5,2475
33,606,5726,SUB-DISTRICT,Thandrampet,Total,66,7,0,41852,179553,90128,89425,674.1717756,266
33,606,5726,SUB-DISTRICT,Thandrampet,Rural,66,7,0,41852,179553,90128,89425,674.1717756,266
33,606,5726,SUB-DISTRICT,Thandrampet,Urban,0,0,0,0,0,0,0,0,0
33,606,5727,SUB-DISTRICT,Tiruvannamalai,Total,208,7,4,134338,581836,292186,289650,974.0579815,597
33,606,5727,SUB-DISTRICT,Tiruvannamalai,Rural,208,7,0,89786,389090,195919,193171,932.9679815,417
33,606,5727,SUB-DISTRICT,Tiruvannamalai,Urban,0,0,4,44552,192746,96267,96479,41.09,4691
33,607,0,DISTRICT,Viluppuram,Total,1431,55,19,800368,3458873,1740819,1718054,7194,481
33,607,0,DISTRICT,Viluppuram,Rural,1431,55,0,678847,2939785,1481475,1458310,6992.66,420
33,607,0,DISTRICT,Viluppuram,Urban,0,0,19,121521,519088,259344,259744,201.34,2578
33,607,5728,SUB-DISTRICT,Gingee,Total,236,10,2,100430,423942,213509,210433,1063.043259,399
33,607,5728,SUB-DISTRICT,Gingee,Rural,236,10,0,92671,390005,196346,193659,1040.633259,375
33,607,5728,SUB-DISTRICT,Gingee,Urban,0,0,2,7759,33937,17163,16774,22.41,1514
33,607,5729,SUB-DISTRICT,Tindivanam,Total,218,5,2,105834,446682,223525,223157,995.4710795,449
33,607,5729,SUB-DISTRICT,Tindivanam,Rural,218,5,0,83460,351852,176189,175663,936.0210795,376
33,607,5729,SUB-DISTRICT,Tindivanam,Urban,0,0,2,22374,94830,47336,47494,59.45,1595
33,607,5730,SUB-DISTRICT,Vanur,Total,79,1,1,45758,196422,98822,97600,460.1267723,427
33,607,5730,SUB-DISTRICT,Vanur,Rural,79,1,0,38710,164696,83132,81564,450.5367723,366
33,607,5730,SUB-DISTRICT,Vanur,Urban,0,0,1,7048,31726,15690,16036,9.59,3308
33,607,5731,SUB-DISTRICT,Viluppuram,Total,228,6,4,163568,697569,349406,348163,903.2084897,772
33,607,5731,SUB-DISTRICT,Viluppuram,Rural,228,6,0,128957,551695,276792,274903,874.0484897,631
33,607,5731,SUB-DISTRICT,Viluppuram,Urban,0,0,4,34611,145874,72614,73260,29.16,5003
33,607,5732,SUB-DISTRICT,Tirukkoyilur,Total,168,12,4,97493,446531,226065,220466,736.5656661,606
33,607,5732,SUB-DISTRICT,Tirukkoyilur,Rural,168,12,0,85252,392460,199019,193441,715.1756661,549
33,607,5732,SUB-DISTRICT,Tirukkoyilur,Urban,0,0,4,12241,54071,27046,27025,21.39,2528
33,607,5733,SUB-DISTRICT,Sankarapuram,Total,178,9,1,91183,407970,206075,201895,1281.41932,318
33,607,5733,SUB-DISTRICT,Sankarapuram,Rural,178,9,0,87644,392306,198257,194049,1269.81932,309
33,607,5733,SUB-DISTRICT,Sankarapuram,Urban,0,0,1,3539,15664,7818,7846,11.6,1350
33,607,5734,SUB-DISTRICT,Kallakkurichi,Total,149,5,4,113192,466136,234833,231303,972.8141146,479
33,607,5734,SUB-DISTRICT,Kallakkurichi,Rural,149,5,0,84589,346884,175116,171768,931.8741146,372
33,607,5734,SUB-DISTRICT,Kallakkurichi,Urban,0,0,4,28603,119252,59717,59535,40.94,2913
33,607,5735,SUB-DISTRICT,Ulundurpettai,Total,175,7,1,82910,373621,188584,185037,781.3512988,478
33,607,5735,SUB-DISTRICT,Ulundurpettai,Rural,175,7,0,77564,349887,176624,173263,774.5512988,452
33,607,5735,SUB-DISTRICT,Ulundurpettai,Urban,0,0,1,5346,23734,11960,11774,6.8,3490
33,608,0,DISTRICT,Salem,Total,517,68,68,915967,3482056,1781571,1700485,5236.999113,665
33,608,0,DISTRICT,Salem,Rural,517,68,0,452023,1707934,883274,824660,4561.409113,374
33,608,0,DISTRICT,Salem,Urban,0,0,68,463944,1774122,898297,875825,675.59,2626
33,608,5736,SUB-DISTRICT,Mettur,Total,39,5,10,112155,419887,218447,201440,774.7685031,542
33,608,5736,SUB-DISTRICT,Mettur,Rural,39,5,0,63836,237538,125662,111876,652.1245031,364
33,608,5736,SUB-DISTRICT,Mettur,Urban,0,0,10,48319,182349,92785,89564,122.644,1487
33,608,5737,SUB-DISTRICT,Omalur,Total,80,10,8,125462,494355,258922,235433,666.1443858,742
33,608,5737,SUB-DISTRICT,Omalur,Rural,80,10,0,99920,392042,206000,186042,615.9643858,636
33,608,5737,SUB-DISTRICT,Omalur,Urban,0,0,8,25542,102313,52922,49391,50.18,2039
33,608,5738,SUB-DISTRICT,Edappadi,Total,20,0,3,60916,223756,116729,107027,317.63828,704
33,608,5738,SUB-DISTRICT,Edappadi,Rural,20,0,0,41044,150170,79070,71100,271.81828,552
33,608,5738,SUB-DISTRICT,Edappadi,Urban,0,0,3,19872,73586,37659,35927,45.82,1606
33,608,5739,SUB-DISTRICT,Sankari,Total,40,1,7,66453,241783,125250,116533,424.2237684,570
33,608,5739,SUB-DISTRICT,Sankari,Rural,40,1,0,36695,131347,67841,63506,320.2237684,410
33,608,5739,SUB-DISTRICT,Sankari,Urban,0,0,7,29758,110436,57409,53027,104,1062
33,608,5740,SUB-DISTRICT,Salem,Total,89,6,25,332749,1272743,644713,628030,539.4709438,2359
33,608,5740,SUB-DISTRICT,Salem,Rural,89,6,0,57934,217208,111901,105307,340.8609438,637
33,608,5740,SUB-DISTRICT,Salem,Urban,0,0,25,274815,1055535,532812,522723,198.61,5315
33,608,5741,SUB-DISTRICT,Yercaud,Total,61,25,1,10772,41869,21070,20799,385.1417597,109
33,608,5741,SUB-DISTRICT,Yercaud,Rural,61,25,0,8120,30287,15202,15085,379.8817597,80
33,608,5741,SUB-DISTRICT,Yercaud,Urban,0,0,1,2652,11582,5868,5714,5.26,2202
33,608,5742,SUB-DISTRICT,Vazhapadi,Total,59,7,4,50954,195412,98681,96731,439.0212313,445
33,608,5742,SUB-DISTRICT,Vazhapadi,Rural,59,7,0,38784,148502,75050,73452,407.2912313,365
33,608,5742,SUB-DISTRICT,Vazhapadi,Urban,0,0,4,12170,46910,23631,23279,31.73,1478
33,608,5743,SUB-DISTRICT,Attur,Total,95,6,5,112668,430949,217058,213891,1166.016205,370
33,608,5743,SUB-DISTRICT,Attur,Rural,95,6,0,80006,307218,155480,151738,1086.666205,283
33,608,5743,SUB-DISTRICT,Attur,Urban,0,0,5,32662,123731,61578,62153,79.35,1559
33,608,5744,SUB-DISTRICT,Gangavalli,Total,34,8,5,43838,161302,80701,80601,524.5740356,307
33,608,5744,SUB-DISTRICT,Gangavalli,Rural,34,8,0,25684,93622,47068,46554,486.5740356,192
33,608,5744,SUB-DISTRICT,Gangavalli,Urban,0,0,5,18154,67680,33633,34047,38,1781
33,609,0,DISTRICT,Namakkal   ,Total,362,27,34,475511,1726601,869280,857321,3419.998818,505
33,609,0,DISTRICT,Namakkal   ,Rural,362,27,0,283248,1030476,520684,509792,3119.428818,330
33,609,0,DISTRICT,Namakkal   ,Urban,0,0,34,192263,696125,348596,347529,300.57,2316
33,609,5745,SUB-DISTRICT,Tiruchengode,Total,101,0,11,173932,631507,316604,314903,825.8939859,765
33,609,5745,SUB-DISTRICT,Tiruchengode,Rural,101,0,0,82517,305765,152293,153472,698.3539859,438
33,609,5745,SUB-DISTRICT,Tiruchengode,Urban,0,0,11,91415,325742,164311,161431,127.54,2554
33,609,5746,SUB-DISTRICT,Rasipuram,Total,92,17,8,91643,340515,173456,167059,819.0379943,416
33,609,5746,SUB-DISTRICT,Rasipuram,Rural,92,17,0,55166,204652,106080,98572,750.3179943,273
33,609,5746,SUB-DISTRICT,Rasipuram,Urban,0,0,8,36477,135863,67376,68487,68.72,1977
33,609,5747,SUB-DISTRICT,Namakkal,Total,108,10,10,148468,541488,272644,268844,1249.715316,433
33,609,5747,SUB-DISTRICT,Namakkal,Rural,108,10,0,104425,379010,191638,187372,1192.402316,318
33,609,5747,SUB-DISTRICT,Namakkal,Urban,0,0,10,44043,162478,81006,81472,57.313,2835
33,609,5748,SUB-DISTRICT,Paramathi-Velur,Total,61,0,5,61468,213091,106576,106515,525.3515216,406
33,609,5748,SUB-DISTRICT,Paramathi-Velur,Rural,61,0,0,41140,141049,70673,70376,478.3515216,295
33,609,5748,SUB-DISTRICT,Paramathi-Velur,Urban,0,0,5,20328,72042,35903,36139,47,1533
33,610,0,DISTRICT,Erode,Total,287,19,59,658071,2251744,1129868,1121876,5759.997004,391
33,610,0,DISTRICT,Erode,Rural,287,19,0,323502,1093768,552393,541375,4991.707004,219
33,610,0,DISTRICT,Erode,Urban,0,0,59,334569,1157976,577475,580501,768.29,1507
33,610,5749,SUB-DISTRICT,Sathyamangalam,Total,66,9,5,93994,327441,164469,162972,2271.875485,144
33,610,5749,SUB-DISTRICT,Sathyamangalam,Rural,66,9,0,67330,236139,118827,117312,2208.505485,107
33,610,5749,SUB-DISTRICT,Sathyamangalam,Urban,0,0,5,26664,91302,45642,45660,63.37,1441
33,610,5750,SUB-DISTRICT,Bhavani,Total,51,2,10,132152,459517,233314,226203,1494.132693,308
33,610,5750,SUB-DISTRICT,Bhavani,Rural,51,2,0,90024,314125,160290,153835,1392.502693,226
33,610,5750,SUB-DISTRICT,Bhavani,Urban,0,0,10,42128,145392,73024,72368,101.63,1431
33,610,5751,SUB-DISTRICT,Gobichettipalayam,Total,55,5,10,115410,376351,186691,189660,663.2054711,567
33,610,5751,SUB-DISTRICT,Gobichettipalayam,Rural,55,5,0,67915,216970,108286,108684,552.0954711,393
33,610,5751,SUB-DISTRICT,Gobichettipalayam,Urban,0,0,10,47495,159381,78405,80976,111.11,1434
33,610,5752,SUB-DISTRICT,Perundurai,Total,61,1,10,78922,266106,134270,131836,563.0573607,473
33,610,5752,SUB-DISTRICT,Perundurai,Rural,61,1,0,42355,141367,72507,68860,424.2073607,333
33,610,5752,SUB-DISTRICT,Perundurai,Urban,0,0,10,36567,124739,61763,62976,138.85,898
33,610,5753,SUB-DISTRICT,Erode,Total,54,2,24,237593,822329,411124,411205,767.7259935,1071
33,610,5753,SUB-DISTRICT,Erode,Rural,54,2,0,55878,185167,92483,92684,414.3959935,447
33,610,5753,SUB-DISTRICT,Erode,Urban,0,0,24,181715,637162,318641,318521,353.33,1803
33,611,0,DISTRICT,The Nilgiris,Total,40,0,18,197653,735394,360143,375251,2564.997344,287
33,611,0,DISTRICT,The Nilgiris,Rural,40,0,0,83021,299739,145909,153830,1982.707344,151
33,611,0,DISTRICT,The Nilgiris,Urban,0,0,18,114632,435655,214234,221421,582.29,748
33,611,5754,SUB-DISTRICT,Panthalur,Total,4,0,1,30615,125931,61637,64294,218.0532432,578
33,611,5754,SUB-DISTRICT,Panthalur,Rural,4,0,0,19886,81341,39726,41615,123.7732432,657
33,611,5754,SUB-DISTRICT,Panthalur,Urban,0,0,1,10729,44590,21911,22679,94.28,473
33,611,5755,SUB-DISTRICT,Gudalur,Total,3,0,3,25075,104768,51497,53271,507.0850827,207
33,611,5755,SUB-DISTRICT,Gudalur,Rural,3,0,0,2073,8336,4102,4234,320.8250827,26
33,611,5755,SUB-DISTRICT,Gudalur,Urban,0,0,3,23002,96432,47395,49037,186.26,518
33,611,5756,SUB-DISTRICT,Udhagamandalam,Total,10,0,3,52767,191960,93663,98297,879.2681042,218
33,611,5756,SUB-DISTRICT,Udhagamandalam,Rural,10,0,0,24430,85280,41582,43698,751.0981042,114
33,611,5756,SUB-DISTRICT,Udhagamandalam,Urban,0,0,3,28337,106680,52081,54599,128.17,832
33,611,5757,SUB-DISTRICT,Kotagiri,Total,14,0,2,31168,108684,52668,56016,397.551684,273
33,611,5757,SUB-DISTRICT,Kotagiri,Rural,14,0,0,19209,66094,32157,33937,354.741684,186
33,611,5757,SUB-DISTRICT,Kotagiri,Urban,0,0,2,11959,42590,20511,22079,42.81,995
33,611,5758,SUB-DISTRICT,Coonoor,Total,4,0,7,44197,157744,78343,79401,232.4119261,679
33,611,5758,SUB-DISTRICT,Coonoor,Rural,4,0,0,8025,27131,13111,14020,140.8519261,193
33,611,5758,SUB-DISTRICT,Coonoor,Urban,0,0,7,36172,130613,65232,65381,91.56,1427
33,611,5759,SUB-DISTRICT,Kundah,Total,5,0,2,13831,46307,22335,23972,330.6273041,140
33,611,5759,SUB-DISTRICT,Kundah,Rural,5,0,0,9398,31557,15231,16326,291.4173041,108
33,611,5759,SUB-DISTRICT,Kundah,Urban,0,0,2,4433,14750,7104,7646,39.21,376
33,612,0,DISTRICT,Dindigul,Total,330,32,34,560773,2159775,1080938,1078837,6036,358
33,612,0,DISTRICT,Dindigul,Rural,330,32,0,350970,1351735,678605,673130,5473.21,247
33,612,0,DISTRICT,Dindigul,Urban,0,0,34,209803,808040,402333,405707,562.79,1436
33,612,5760,SUB-DISTRICT,Palani,Total,50,2,7,80645,292301,145763,146538,728.5281688,401
33,612,5760,SUB-DISTRICT,Palani,Rural,50,2,0,39362,139078,69765,69313,562.9181688,247
33,612,5760,SUB-DISTRICT,Palani,Urban,0,0,7,41283,153223,75998,77225,165.61,925
33,612,5761,SUB-DISTRICT,Oddanchatram,Total,56,0,1,52829,182600,91247,91353,777.8822644,235
33,612,5761,SUB-DISTRICT,Oddanchatram,Rural,56,0,0,44783,152536,76170,76366,764.8322644,199
33,612,5761,SUB-DISTRICT,Oddanchatram,Urban,0,0,1,8046,30064,15077,14987,13.05,2304
33,612,5762,SUB-DISTRICT,Vedasandur,Total,57,10,5,79243,324540,162656,161884,1056.199267,307
33,612,5762,SUB-DISTRICT,Vedasandur,Rural,57,10,0,61959,253469,127126,126343,977.6692673,259
33,612,5762,SUB-DISTRICT,Vedasandur,Urban,0,0,5,17284,71071,35530,35541,78.53,905
33,612,5763,SUB-DISTRICT,Natham,Total,32,9,1,37470,158687,80037,78650,573.9207151,276
33,612,5763,SUB-DISTRICT,Natham,Rural,32,9,0,31738,135027,68264,66763,561.4907151,240
33,612,5763,SUB-DISTRICT,Natham,Urban,0,0,1,5732,23660,11773,11887,12.43,1903
33,612,5764,SUB-DISTRICT,Dindigul,Total,60,9,10,164608,639910,319535,320375,1139.114541,562
33,612,5764,SUB-DISTRICT,Dindigul,Rural,60,9,0,74767,291928,146267,145661,997.9945411,293
33,612,5764,SUB-DISTRICT,Dindigul,Urban,0,0,10,89841,347982,173268,174714,141.12,2466
33,612,5765,SUB-DISTRICT,Attur,Total,20,0,3,41975,159846,79334,80512,248.9325453,642
33,612,5765,SUB-DISTRICT,Attur,Rural,20,0,0,28092,107752,53507,54245,215.2625453,501
33,612,5765,SUB-DISTRICT,Attur,Urban,0,0,3,13883,52094,25827,26267,33.67,1547
33,612,5766,SUB-DISTRICT,Kodaikanal,Total,15,0,2,30771,115250,57884,57366,1029.772911,112
33,612,5766,SUB-DISTRICT,Kodaikanal,Rural,15,0,0,18836,70018,35341,34677,976.3229107,72
33,612,5766,SUB-DISTRICT,Kodaikanal,Urban,0,0,2,11935,45232,22543,22689,53.45,846
33,612,5767,SUB-DISTRICT,Nilakkottai,Total,40,2,5,73232,286641,144482,142159,481.6495873,595
33,612,5767,SUB-DISTRICT,Nilakkottai,Rural,40,2,0,51433,201927,102165,99762,416.7195873,485
33,612,5767,SUB-DISTRICT,Nilakkottai,Urban,0,0,5,21799,84714,42317,42397,64.93,1305
33,613,0,DISTRICT,Karur ,Total,169,1,19,287095,1064493,528184,536309,2904,367
33,613,0,DISTRICT,Karur ,Rural,169,1,0,168396,629976,312628,317348,2620.5,240
33,613,0,DISTRICT,Karur ,Urban,0,0,19,118699,434517,215556,218961,283.5,1533
33,613,5768,SUB-DISTRICT,Aravakurichi,Total,56,0,2,53489,183321,90669,92652,980.1213805,187
33,613,5768,SUB-DISTRICT,Aravakurichi,Rural,56,0,0,42501,140285,69514,70771,945.4913805,148
33,613,5768,SUB-DISTRICT,Aravakurichi,Urban,0,0,2,10988,43036,21155,21881,34.63,1243
33,613,5769,SUB-DISTRICT,Karur,Total,34,0,12,125412,445389,221278,224111,608.4616626,732
33,613,5769,SUB-DISTRICT,Karur,Rural,34,0,0,37364,128648,63711,64937,459.9116626,280
33,613,5769,SUB-DISTRICT,Karur,Urban,0,0,12,88048,316741,157567,159174,148.55,2132
33,613,5770,SUB-DISTRICT,Krishnarayapuram,Total,22,0,2,31279,119213,59415,59798,392.916625,303
33,613,5770,SUB-DISTRICT,Krishnarayapuram,Rural,22,0,0,26317,100937,50358,50579,360.456625,280
33,613,5770,SUB-DISTRICT,Krishnarayapuram,Urban,0,0,2,4962,18276,9057,9219,32.46,563
33,613,5771,SUB-DISTRICT,Kulithalai,Total,35,1,3,50997,206731,102029,104702,494.5543015,418
33,613,5771,SUB-DISTRICT,Kulithalai,Rural,35,1,0,36296,150267,74252,76015,426.6943015,352
33,613,5771,SUB-DISTRICT,Kulithalai,Urban,0,0,3,14701,56464,27777,28687,67.86,832
33,613,5772,SUB-DISTRICT,Kadavur,Total,22,0,0,25918,109839,54793,55046,427.9460304,257
33,613,5772,SUB-DISTRICT,Kadavur,Rural,22,0,0,25918,109839,54793,55046,427.9460304,257
33,613,5772,SUB-DISTRICT,Kadavur,Urban,0,0,0,0,0,0,0,0,0
33,614,0,DISTRICT,Tiruchirappalli,Total,431,40,31,698404,2722290,1352284,1370006,4509,604
33,614,0,DISTRICT,Tiruchirappalli,Rural,431,40,0,357244,1384257,688552,695705,4042.74,342
33,614,0,DISTRICT,Tiruchirappalli,Urban,0,0,31,341160,1338033,663732,674301,466.26,2870
33,614,5773,SUB-DISTRICT,Thottiyam,Total,27,0,2,36936,135120,67266,67854,277.1742007,487
33,614,5773,SUB-DISTRICT,Thottiyam,Rural,27,0,0,29934,109278,54483,54795,238.8242007,458
33,614,5773,SUB-DISTRICT,Thottiyam,Urban,0,0,2,7002,25842,12783,13059,38.35,674
33,614,5774,SUB-DISTRICT,Musiri,Total,59,0,3,63161,231655,115774,115881,669.2249173,346
33,614,5774,SUB-DISTRICT,Musiri,Rural,59,0,0,49722,182267,91335,90932,632.0849173,288
33,614,5774,SUB-DISTRICT,Musiri,Urban,0,0,3,13439,49388,24439,24949,37.14,1330
33,614,5775,SUB-DISTRICT,Thuraiyur,Total,55,28,3,69677,249327,123290,126037,805.1179713,310
33,614,5775,SUB-DISTRICT,Thuraiyur,Rural,55,28,0,56367,200548,99301,101247,771.0579713,260
33,614,5775,SUB-DISTRICT,Thuraiyur,Urban,0,0,3,13310,48779,23989,24790,34.06,1432
33,614,5776,SUB-DISTRICT,Manachanallur,Total,39,1,3,49878,192869,96154,96715,374.6758545,515
33,614,5776,SUB-DISTRICT,Manachanallur,Rural,39,1,0,35234,136608,68395,68213,361.5658545,378
33,614,5776,SUB-DISTRICT,Manachanallur,Urban,0,0,3,14644,56261,27759,28502,13.11,4291
33,614,5777,SUB-DISTRICT,Lalgudi,Total,86,1,5,67722,254865,125070,129795,592.1841235,430
33,614,5777,SUB-DISTRICT,Lalgudi,Rural,86,1,0,52205,195635,96031,99604,552.5691235,354
33,614,5777,SUB-DISTRICT,Lalgudi,Urban,0,0,5,15517,59230,29039,30191,39.615,1495
33,614,5778,SUB-DISTRICT,Srirangam,Total,49,0,3,51860,207494,103262,104232,361.1510474,575
33,614,5778,SUB-DISTRICT,Srirangam,Rural,49,0,0,44926,179883,89664,90219,237.27,758
33,614,5778,SUB-DISTRICT,Srirangam,Urban,0,0,3,6934,27611,13598,14013,123.88,223
33,614,5779,SUB-DISTRICT,Tiruchirappalli,Total,1,0,1,215194,850073,419751,430322,71.05733186,11963
33,614,5779,SUB-DISTRICT,Tiruchirappalli,Rural,1,0,0,665,2686,1351,1335,7.74,347
33,614,5779,SUB-DISTRICT,Tiruchirappalli,Urban,0,0,1,214529,847387,418400,428987,63.32,13383
33,614,5780,SUB-DISTRICT,Thiruverumbur,Total,18,0,9,56678,225517,114753,110764,267.7574421,842
33,614,5780,SUB-DISTRICT,Thiruverumbur,Rural,18,0,0,13513,54659,27265,27394,182.6504421,299
33,614,5780,SUB-DISTRICT,Thiruverumbur,Urban,0,0,9,43165,170858,87488,83370,85.107,2008
33,614,5781,SUB-DISTRICT,Manapparai,Total,97,10,2,87298,375370,186964,188406,1090.657111,344
33,614,5781,SUB-DISTRICT,Manapparai,Rural,97,10,0,74678,322693,160727,161966,1058.977111,305
33,614,5781,SUB-DISTRICT,Manapparai,Urban,0,0,2,12620,52677,26237,26440,31.68,1663
33,615,0,DISTRICT,Perambalur  ,Total,147,12,5,149243,565223,282157,283066,1756,322
33,615,0,DISTRICT,Perambalur  ,Rural,147,12,0,123945,468060,233926,234134,1672.33,280
33,615,0,DISTRICT,Perambalur  ,Urban,0,0,5,25298,97163,48231,48932,83.67,1161
33,615,5782,SUB-DISTRICT,Veppanthattai,Total,36,5,2,40525,148743,73727,75016,574.8596466,259
33,615,5782,SUB-DISTRICT,Veppanthattai,Rural,36,5,0,34069,125539,62268,63271,534.2596466,235
33,615,5782,SUB-DISTRICT,Veppanthattai,Urban,0,0,2,6456,23204,11459,11745,40.6,572
33,615,5783,SUB-DISTRICT,Perambalur,Total,25,4,2,41709,162356,81586,80770,328.0025522,495
33,615,5783,SUB-DISTRICT,Perambalur,Rural,25,4,0,25427,100288,50783,49505,289.8125522,346
33,615,5783,SUB-DISTRICT,Perambalur,Urban,0,0,2,16282,62068,30803,31265,38.19,1625
33,615,5784,SUB-DISTRICT,Kunnam,Total,86,3,1,67009,254124,126844,127280,853.1378012,298
33,615,5784,SUB-DISTRICT,Kunnam,Rural,86,3,0,64449,242233,120875,121358,848.2578012,286
33,615,5784,SUB-DISTRICT,Kunnam,Urban,0,0,1,2560,11891,5969,5922,4.88,2437
33,616,0,DISTRICT,Ariyalur  ,Total,189,24,4,197090,754894,374703,380191,1940.002092,389
33,616,0,DISTRICT,Ariyalur  ,Rural,189,24,0,175903,671100,333253,337847,1886.692092,356
33,616,0,DISTRICT,Ariyalur  ,Urban,0,0,4,21187,83794,41450,42344,53.31,1572
33,616,5785,SUB-DISTRICT,Sendurai,Total,28,0,0,29258,111891,55373,56518,316.7886397,353
33,616,5785,SUB-DISTRICT,Sendurai,Rural,28,0,0,29258,111891,55373,56518,316.7886397,353
33,616,5785,SUB-DISTRICT,Sendurai,Urban,0,0,0,0,0,0,0,0,0
33,616,5786,SUB-DISTRICT,Udayarpalayam,Total,94,24,3,100129,387194,192314,194880,938.9277886,412
33,616,5786,SUB-DISTRICT,Udayarpalayam,Rural,94,24,0,86261,332302,165213,167089,893.2377886,372
33,616,5786,SUB-DISTRICT,Udayarpalayam,Urban,0,0,3,13868,54892,27101,27791,45.69,1201
33,616,5787,SUB-DISTRICT,Ariyalur,Total,67,0,1,67703,255809,127016,128793,684.285664,374
33,616,5787,SUB-DISTRICT,Ariyalur,Rural,67,0,0,60384,226907,112667,114240,676.665664,335
33,616,5787,SUB-DISTRICT,Ariyalur,Urban,0,0,1,7319,28902,14349,14553,7.62,3793
33,617,0,DISTRICT,Cuddalore,Total,799,29,30,635578,2605914,1311697,1294217,3702.999974,704
33,617,0,DISTRICT,Cuddalore,Rural,799,29,0,423473,1720725,868861,851864,3243.689974,530
33,617,0,DISTRICT,Cuddalore,Urban,0,0,30,212105,885189,442836,442353,459.31,1927
33,617,5788,SUB-DISTRICT,Panruti,Total,80,14,5,98171,413639,207946,205693,498.2523645,830
33,617,5788,SUB-DISTRICT,Panruti,Rural,80,14,0,66729,279444,141056,138388,444.3223645,629
33,617,5788,SUB-DISTRICT,Panruti,Urban,0,0,5,31442,134195,66890,67305,53.93,2488
33,617,5789,SUB-DISTRICT,Cuddalore,Total,69,0,4,103687,426466,212812,213654,308.2920368,1383
33,617,5789,SUB-DISTRICT,Cuddalore,Rural,69,0,0,51934,214298,107913,106385,271.5020368,789
33,617,5789,SUB-DISTRICT,Cuddalore,Urban,0,0,4,51753,212168,104899,107269,36.79,5767
33,617,5790,SUB-DISTRICT,Kurinjipadi ,Total,53,0,3,81536,331755,167497,164258,386.2364465,859
33,617,5790,SUB-DISTRICT,Kurinjipadi ,Rural,53,0,0,39216,159039,80343,78696,216.6064465,734
33,617,5790,SUB-DISTRICT,Kurinjipadi ,Urban,0,0,3,42320,172716,87154,85562,169.63,1018
33,617,5791,SUB-DISTRICT,Chidambaram,Total,171,3,9,114074,467909,235146,232763,598.5006529,782
33,617,5791,SUB-DISTRICT,Chidambaram,Rural,171,3,0,74846,298909,150348,148561,523.9646529,570
33,617,5791,SUB-DISTRICT,Chidambaram,Urban,0,0,9,39228,169000,84798,84202,74.536,2267
33,617,5792,SUB-DISTRICT,Kattumannarkoil,Total,148,0,3,67752,276947,139188,137759,455.1143195,609
33,617,5792,SUB-DISTRICT,Kattumannarkoil,Rural,148,0,0,54456,219121,110210,108911,406.3793195,539
33,617,5792,SUB-DISTRICT,Kattumannarkoil,Urban,0,0,3,13296,57826,28978,28848,48.735,1187
33,617,5793,SUB-DISTRICT,Virudhachalam,Total,155,7,4,105142,426592,216699,209893,844.3199822,505
33,617,5793,SUB-DISTRICT,Virudhachalam,Rural,155,7,0,81336,329696,167856,161840,788.7899822,418
33,617,5793,SUB-DISTRICT,Virudhachalam,Urban,0,0,4,23806,96896,48843,48053,55.53,1745
33,617,5794,SUB-DISTRICT,Tittakudi,Total,123,5,2,65216,262606,132409,130197,612.2841719,429
33,617,5794,SUB-DISTRICT,Tittakudi,Rural,123,5,0,54956,220218,111135,109083,592.1241719,372
33,617,5794,SUB-DISTRICT,Tittakudi,Urban,0,0,2,10260,42388,21274,21114,20.16,2103
33,618,0,DISTRICT,Nagapattinam  ,Total,486,5,14,413837,1616450,798127,818323,2568.997363,629
33,618,0,DISTRICT,Nagapattinam  ,Rural,486,5,0,323350,1251826,619369,632457,2381.237363,526
33,618,0,DISTRICT,Nagapattinam  ,Urban,0,0,14,90487,364624,178758,185866,187.76,1942
33,618,5795,SUB-DISTRICT,Sirkali,Total,87,0,2,80767,319715,158015,161700,459.3090056,696
33,618,5795,SUB-DISTRICT,Sirkali,Rural,87,0,0,70039,277112,136920,140192,437.8090056,633
33,618,5795,SUB-DISTRICT,Sirkali,Urban,0,0,2,10728,42603,21095,21508,21.5,1982
33,618,5796,SUB-DISTRICT,Mayiladuthurai,Total,59,0,2,65163,259634,128284,131350,257.5583927,1008
33,618,5796,SUB-DISTRICT,Mayiladuthurai,Rural,59,0,0,40905,164985,81857,83128,230.7983927,715
33,618,5796,SUB-DISTRICT,Mayiladuthurai,Urban,0,0,2,24258,94649,46427,48222,26.76,3537
33,618,5797,SUB-DISTRICT,Kuthalam,Total,55,1,1,32952,131948,64869,67079,170.9045265,772
33,618,5797,SUB-DISTRICT,Kuthalam,Rural,55,1,0,28893,115823,56856,58967,164.3045265,705
33,618,5797,SUB-DISTRICT,Kuthalam,Urban,0,0,1,4059,16125,8013,8112,6.6,2443
33,618,5798,SUB-DISTRICT,Tharangambadi,Total,66,1,1,51611,207059,101483,105576,281.5805613,735
33,618,5798,SUB-DISTRICT,Tharangambadi,Rural,66,1,0,46129,183868,90422,93446,268.5805613,685
33,618,5798,SUB-DISTRICT,Tharangambadi,Urban,0,0,1,5482,23191,11061,12130,13,1784
33,618,5799,SUB-DISTRICT,Nagapattinam,Total,83,0,4,70683,282784,139917,142867,307.996046,918
33,618,5799,SUB-DISTRICT,Nagapattinam,Rural,83,0,0,41735,161172,79944,81228,282.906046,570
33,618,5799,SUB-DISTRICT,Nagapattinam,Urban,0,0,4,28948,121612,59973,61639,25.09,4847
33,618,5800,SUB-DISTRICT,Kilvelur,Total,53,0,2,36871,138474,68298,70176,279.3949297,496
33,618,5800,SUB-DISTRICT,Kilvelur,Rural,53,0,0,31967,119094,58951,60143,269.8949297,441
33,618,5800,SUB-DISTRICT,Kilvelur,Urban,0,0,2,4904,19380,9347,10033,9.5,2040
33,618,5801,SUB-DISTRICT,Thirukkuvalai,Total,35,0,0,16202,60771,30044,30727,144.7956237,420
33,618,5801,SUB-DISTRICT,Thirukkuvalai,Rural,35,0,0,16202,60771,30044,30727,144.7956237,420
33,618,5801,SUB-DISTRICT,Thirukkuvalai,Urban,0,0,0,0,0,0,0,0,0
33,618,5802,SUB-DISTRICT,Vedaranyam,Total,48,3,2,59588,216065,107217,108848,667.4582777,324
33,618,5802,SUB-DISTRICT,Vedaranyam,Rural,48,3,0,47480,169001,84375,84626,582.1482777,290
33,618,5802,SUB-DISTRICT,Vedaranyam,Urban,0,0,2,12108,47064,22842,24222,85.31,552
33,619,0,DISTRICT,Thiruvarur,Total,538,9,11,327219,1264277,626693,637584,2274.004268,556
33,619,0,DISTRICT,Thiruvarur,Rural,538,9,0,261999,1006482,499954,506528,2171.404268,464
33,619,0,DISTRICT,Thiruvarur,Urban,0,0,11,65220,257795,126739,131056,102.6,2513
33,619,5803,SUB-DISTRICT,Valangaiman,Total,68,2,1,25114,100645,50209,50436,203.6096401,494
33,619,5803,SUB-DISTRICT,Valangaiman,Rural,68,2,0,22166,88891,44394,44497,198.1496401,449
33,619,5803,SUB-DISTRICT,Valangaiman,Urban,0,0,1,2948,11754,5815,5939,5.46,2153
33,619,5804,SUB-DISTRICT,Kodavasal,Total,100,1,2,52370,203157,101552,101605,323.663386,628
33,619,5804,SUB-DISTRICT,Kodavasal,Rural,100,1,0,46990,182068,91067,91001,304.763386,597
33,619,5804,SUB-DISTRICT,Kodavasal,Urban,0,0,2,5380,21089,10485,10604,18.9,1116
33,619,5805,SUB-DISTRICT,Nannilam,Total,70,0,2,35102,137964,69360,68604,238.3856132,579
33,619,5805,SUB-DISTRICT,Nannilam,Rural,70,0,0,30361,119197,59888,59309,221.8256132,537
33,619,5805,SUB-DISTRICT,Nannilam,Urban,0,0,2,4741,18767,9472,9295,16.56,1133
33,619,5806,SUB-DISTRICT,Thiruvarur,Total,46,0,1,39243,151696,74805,76891,148.7683087,1020
33,619,5806,SUB-DISTRICT,Thiruvarur,Rural,46,0,0,24246,93395,46408,46987,138.2983087,675
33,619,5806,SUB-DISTRICT,Thiruvarur,Urban,0,0,1,14997,58301,28397,29904,10.47,5568
33,619,5807,SUB-DISTRICT,Needamangalam,Total,62,3,2,37256,147440,72770,74670,247.7016725,595
33,619,5807,SUB-DISTRICT,Needamangalam,Rural,62,3,0,28839,112681,55965,56716,232.7716725,484
33,619,5807,SUB-DISTRICT,Needamangalam,Urban,0,0,2,8417,34759,16805,17954,14.93,2328
33,619,5808,SUB-DISTRICT,Mannargudi,Total,118,0,1,80740,308380,152664,155716,548.6322815,562
33,619,5808,SUB-DISTRICT,Mannargudi,Rural,118,0,0,63368,241381,119469,121912,537.0822815,449
33,619,5808,SUB-DISTRICT,Mannargudi,Urban,0,0,1,17372,66999,33195,33804,11.55,5801
33,619,5809,SUB-DISTRICT,Thiruthuraipoondi,Total,74,3,2,57394,214995,105333,109662,563.2433658,382
33,619,5809,SUB-DISTRICT,Thiruthuraipoondi,Rural,74,3,0,46029,168869,82763,86106,538.5133658,314
33,619,5809,SUB-DISTRICT,Thiruthuraipoondi,Urban,0,0,2,11365,46126,22570,23556,24.73,1865
33,620,0,DISTRICT,Thanjavur,Total,789,16,34,605363,2405890,1182416,1223474,3410.999592,705
33,620,0,DISTRICT,Thanjavur,Rural,789,16,0,391202,1554531,765177,789354,3044.539592,511
33,620,0,DISTRICT,Thanjavur,Urban,0,0,34,214161,851359,417239,434120,366.46,2323
33,620,5810,SUB-DISTRICT,Thiruvidaimarudur,Total,73,2,5,56999,231151,115300,115851,270.4118871,855
33,620,5810,SUB-DISTRICT,Thiruvidaimarudur,Rural,73,2,0,42174,170553,85196,85357,207.2918871,823
33,620,5810,SUB-DISTRICT,Thiruvidaimarudur,Urban,0,0,5,14825,60598,30104,30494,63.12,960
33,620,5811,SUB-DISTRICT,Kumbakonam,Total,100,3,9,110486,436592,216463,220129,277.1205601,1575
33,620,5811,SUB-DISTRICT,Kumbakonam,Rural,100,3,0,53528,213009,105989,107020,238.1105601,895
33,620,5811,SUB-DISTRICT,Kumbakonam,Urban,0,0,9,56958,223583,110474,113109,39.01,5731
33,620,5812,SUB-DISTRICT,Papanasam,Total,104,2,5,68310,273511,133965,139546,400.5344547,683
33,620,5812,SUB-DISTRICT,Papanasam,Rural,104,2,0,52758,210770,103744,107026,346.8044547,608
33,620,5812,SUB-DISTRICT,Papanasam,Urban,0,0,5,15552,62741,30221,32520,53.73,1168
33,620,5813,SUB-DISTRICT,Thiruvaiyaru,Total,75,2,3,47376,185803,91759,94044,267.2897359,695
33,620,5813,SUB-DISTRICT,Thiruvaiyaru,Rural,75,2,0,37633,147593,73058,74535,243.2297359,607
33,620,5813,SUB-DISTRICT,Thiruvaiyaru,Urban,0,0,3,9743,38210,18701,19509,24.06,1588
33,620,5814,SUB-DISTRICT,Thanjavur,Total,83,1,6,127334,511865,253198,258667,616.4964199,830
33,620,5814,SUB-DISTRICT,Thanjavur,Rural,83,1,0,49286,204040,102715,101325,512.2964199,398
33,620,5814,SUB-DISTRICT,Thanjavur,Urban,0,0,6,78048,307825,150483,157342,104.2,2954
33,620,5815,SUB-DISTRICT,Orathanadu,Total,117,1,1,61409,246871,120073,126798,570.810258,432
33,620,5815,SUB-DISTRICT,Orathanadu,Rural,117,1,0,58776,236624,115186,121438,563.550258,420
33,620,5815,SUB-DISTRICT,Orathanadu,Urban,0,0,1,2633,10247,4887,5360,7.26,1411
33,620,5816,SUB-DISTRICT,Pattukkottai,Total,165,1,3,100914,396236,191332,204904,720.1399837,550
33,620,5816,SUB-DISTRICT,Pattukkottai,Rural,165,1,0,71901,275769,132371,143398,679.7599837,406
33,620,5816,SUB-DISTRICT,Pattukkottai,Urban,0,0,3,29013,120467,58961,61506,40.38,2983
33,620,5817,SUB-DISTRICT,Peravurani,Total,72,4,2,32535,123861,60326,63535,288.1962927,430
33,620,5817,SUB-DISTRICT,Peravurani,Rural,72,4,0,25146,96173,46918,49255,253.4962927,379
33,620,5817,SUB-DISTRICT,Peravurani,Urban,0,0,2,7389,27688,13408,14280,34.7,798
33,621,0,DISTRICT,Pudukkottai,Total,732,18,16,387679,1618345,803188,815157,4644,348
33,621,0,DISTRICT,Pudukkottai,Rural,732,18,0,310285,1301991,645505,656486,4475.07,291
33,621,0,DISTRICT,Pudukkottai,Urban,0,0,16,77394,316354,157683,158671,168.93,1873
33,621,5818,SUB-DISTRICT,Iluppur,Total,85,1,3,50022,219491,109203,110288,689.3475758,318
33,621,5818,SUB-DISTRICT,Iluppur,Rural,85,1,0,42008,185575,92278,93297,660.6795758,281
33,621,5818,SUB-DISTRICT,Iluppur,Urban,0,0,3,8014,33916,16925,16991,28.668,1183
33,621,5819,SUB-DISTRICT,Kulathur,Total,71,2,1,38064,162524,81433,81091,638.1349811,255
33,621,5819,SUB-DISTRICT,Kulathur,Rural,71,2,0,35224,150857,75604,75253,629.7649811,240
33,621,5819,SUB-DISTRICT,Kulathur,Urban,0,0,1,2840,11667,5829,5838,8.37,1394
33,621,5820,SUB-DISTRICT,Gandarvakkottai,Total,37,0,0,20811,89982,45167,44815,331.8681907,271
33,621,5820,SUB-DISTRICT,Gandarvakkottai,Rural,37,0,0,20811,89982,45167,44815,331.8681907,271
33,621,5820,SUB-DISTRICT,Gandarvakkottai,Urban,0,0,0,0,0,0,0,0,0
33,621,5821,SUB-DISTRICT,Pudukkottai,Total,39,1,3,55370,228282,113921,114361,324.2386992,704
33,621,5821,SUB-DISTRICT,Pudukkottai,Rural,39,1,0,17711,75621,37636,37985,302.2886992,250
33,621,5821,SUB-DISTRICT,Pudukkottai,Urban,0,0,3,37659,152661,76285,76376,21.95,6955
33,621,5822,SUB-DISTRICT,Thirumayam,Total,80,1,1,39293,158860,79002,79858,563.6421537,282
33,621,5822,SUB-DISTRICT,Thirumayam,Rural,80,1,0,37109,149912,74537,75375,554.4521537,270
33,621,5822,SUB-DISTRICT,Thirumayam,Urban,0,0,1,2184,8948,4465,4483,9.19,974
33,621,5823,SUB-DISTRICT,Ponnamaravathi,Total,49,0,1,27104,108479,53788,54691,333.0042896,326
33,621,5823,SUB-DISTRICT,Ponnamaravathi,Rural,49,0,0,23724,95803,47483,48320,308.0142896,311
33,621,5823,SUB-DISTRICT,Ponnamaravathi,Urban,0,0,1,3380,12676,6305,6371,24.99,507
33,621,5824,SUB-DISTRICT,Alangudi,Total,67,2,3,40983,170419,84023,86396,382.2189173,446
33,621,5824,SUB-DISTRICT,Alangudi,Rural,67,2,0,33928,142299,70208,72091,337.6389173,421
33,621,5824,SUB-DISTRICT,Alangudi,Urban,0,0,3,7055,28120,13815,14305,44.58,631
33,621,5825,SUB-DISTRICT,Karambakudi,Total,47,1,1,24980,110604,54694,55910,268.8049096,411
33,621,5825,SUB-DISTRICT,Karambakudi,Rural,47,1,0,21628,95978,47317,48661,263.2049096,365
33,621,5825,SUB-DISTRICT,Karambakudi,Urban,0,0,1,3352,14626,7377,7249,5.6,2612
33,621,5826,SUB-DISTRICT,Aranthangi,Total,98,3,1,49468,195782,95245,100537,443.3527891,442
33,621,5826,SUB-DISTRICT,Aranthangi,Rural,98,3,0,39338,154968,75144,79824,427.9927891,362
33,621,5826,SUB-DISTRICT,Aranthangi,Urban,0,0,1,10130,40814,20101,20713,15.36,2657
33,621,5827,SUB-DISTRICT,Manamelkudi,Total,68,2,2,20228,86672,42953,43719,252.0964211,344
33,621,5827,SUB-DISTRICT,Manamelkudi,Rural,68,2,0,17448,73746,36372,37374,241.8764211,305
33,621,5827,SUB-DISTRICT,Manamelkudi,Urban,0,0,2,2780,12926,6581,6345,10.22,1265
33,621,5828,SUB-DISTRICT,Avudayarkoil,Total,91,5,0,21356,87250,43759,43491,417.2910728,209
33,621,5828,SUB-DISTRICT,Avudayarkoil,Rural,91,5,0,21356,87250,43759,43491,417.2910728,209
33,621,5828,SUB-DISTRICT,Avudayarkoil,Urban,0,0,0,0,0,0,0,0,0
33,622,0,DISTRICT,Sivaganga,Total,508,7,16,338938,1339101,668672,670429,4233,316
33,622,0,DISTRICT,Sivaganga,Rural,508,7,0,234513,926256,462210,464046,4056.34,228
33,622,0,DISTRICT,Sivaganga,Urban,0,0,16,104425,412845,206462,206383,176.66,2337
33,622,5829,SUB-DISTRICT,Tirupathur,Total,98,0,3,68157,275779,138228,137551,870.2466938,317
33,622,5829,SUB-DISTRICT,Tirupathur,Rural,98,0,0,55454,224491,112784,111707,839.4466938,267
33,622,5829,SUB-DISTRICT,Tirupathur,Urban,0,0,3,12703,51288,25444,25844,30.8,1665
33,622,5830,SUB-DISTRICT,Karaikkudi,Total,61,2,7,76868,300527,149443,151084,599.9159133,501
33,622,5830,SUB-DISTRICT,Karaikkudi,Rural,61,2,0,30295,118676,58644,60032,531.9059133,223
33,622,5830,SUB-DISTRICT,Karaikkudi,Urban,0,0,7,46573,181851,90799,91052,68.01,2674
33,622,5831,SUB-DISTRICT,Devakottai,Total,90,1,1,39220,157631,79606,78025,609.0085271,259
33,622,5831,SUB-DISTRICT,Devakottai,Rural,90,1,0,26028,105766,53435,52331,596.5885271,177
33,622,5831,SUB-DISTRICT,Devakottai,Urban,0,0,1,13192,51865,26171,25694,12.42,4176
33,622,5832,SUB-DISTRICT,Sivaganga,Total,127,3,2,74167,288674,142979,145695,1110.17374,260
33,622,5832,SUB-DISTRICT,Sivaganga,Rural,127,3,0,62429,242411,119850,122561,1085.20374,223
33,622,5832,SUB-DISTRICT,Sivaganga,Urban,0,0,2,11738,46263,23129,23134,24.97,1853
33,622,5833,SUB-DISTRICT,Manamadurai,Total,81,0,2,52131,207223,104428,102795,634.9101891,326
33,622,5833,SUB-DISTRICT,Manamadurai,Rural,81,0,0,37859,150412,75957,74455,611.3101891,246
33,622,5833,SUB-DISTRICT,Manamadurai,Urban,0,0,2,14272,56811,28471,28340,23.6,2407
33,622,5834,SUB-DISTRICT,Ilayangudi,Total,51,1,1,28395,109267,53988,55279,408.744937,267
33,622,5834,SUB-DISTRICT,Ilayangudi,Rural,51,1,0,22448,84500,41540,42960,391.884937,216
33,622,5834,SUB-DISTRICT,Ilayangudi,Urban,0,0,1,5947,24767,12448,12319,16.86,1469
33,623,0,DISTRICT,Madurai,Total,526,44,39,794887,3038252,1526475,1511777,3710.001452,819
33,623,0,DISTRICT,Madurai,Rural,526,44,0,315036,1191451,601247,590204,3392.551452,351
33,623,0,DISTRICT,Madurai,Urban,0,0,39,479851,1846801,925228,921573,317.45,5818
33,623,5835,SUB-DISTRICT,Melur,Total,79,6,2,74851,291398,146711,144687,681.3779727,428
33,623,5835,SUB-DISTRICT,Melur,Rural,79,6,0,62998,243056,122129,120927,657.4779727,370
33,623,5835,SUB-DISTRICT,Melur,Urban,0,0,2,11853,48342,24582,23760,23.9,2023
33,623,5836,SUB-DISTRICT,Madurai North,Total,121,19,13,125017,494430,248631,245799,391.0620306,1264
33,623,5836,SUB-DISTRICT,Madurai North,Rural,121,19,0,46869,186108,94032,92076,328.5620306,566
33,623,5836,SUB-DISTRICT,Madurai North,Urban,0,0,13,78148,308322,154599,153723,62.5,4933
33,623,5837,SUB-DISTRICT,Vadipatti,Total,63,10,4,60844,234533,117723,116810,461.0357676,509
33,623,5837,SUB-DISTRICT,Vadipatti,Rural,63,10,0,42219,162301,81636,80665,427.0557676,380
33,623,5837,SUB-DISTRICT,Vadipatti,Urban,0,0,4,18625,72232,36087,36145,33.98,2126
33,623,5838,SUB-DISTRICT,Usilampatti,Total,54,3,1,53137,195756,99923,95833,487.3139429,402
33,623,5838,SUB-DISTRICT,Usilampatti,Rural,54,3,0,44036,160537,82298,78239,473.4639429,339
33,623,5838,SUB-DISTRICT,Usilampatti,Urban,0,0,1,9101,35219,17625,17594,13.85,2543
33,623,5839,SUB-DISTRICT,Peraiyur,Total,70,0,3,54835,200510,100448,100062,821.7670142,244
33,623,5839,SUB-DISTRICT,Peraiyur,Rural,70,0,0,45041,163608,81863,81745,794.7470142,206
33,623,5839,SUB-DISTRICT,Peraiyur,Urban,0,0,3,9794,36902,18585,18317,27.02,1366
33,623,5840,SUB-DISTRICT,Thirumangalam,Total,93,2,1,62179,229645,115359,114286,561.281413,409
33,623,5840,SUB-DISTRICT,Thirumangalam,Rural,93,2,0,48615,178451,89933,88518,550.581413,324
33,623,5840,SUB-DISTRICT,Thirumangalam,Urban,0,0,1,13564,51194,25426,25768,10.7,4784
33,623,5841,SUB-DISTRICT,Madurai South,Total,46,4,15,364024,1391980,697680,694300,306.1633106,4547
33,623,5841,SUB-DISTRICT,Madurai South,Rural,46,4,0,25258,97390,49356,48034,160.6633106,606
33,623,5841,SUB-DISTRICT,Madurai South,Urban,0,0,15,338766,1294590,648324,646266,145.5,8898
33,624,0,DISTRICT,Theni  ,Total,80,18,28,338112,1245899,625683,620216,2868.000163,434
33,624,0,DISTRICT,Theni  ,Rural,80,18,0,156719,575418,290880,284538,2570.690163,224
33,624,0,DISTRICT,Theni  ,Urban,0,0,28,181393,670481,334803,335678,297.31,2255
33,624,5842,SUB-DISTRICT,Bodinayakanur,Total,12,0,4,49589,180789,90426,90363,507.9474189,356
33,624,5842,SUB-DISTRICT,Bodinayakanur,Rural,12,0,0,19875,70621,35491,35130,475.8674189,148
33,624,5842,SUB-DISTRICT,Bodinayakanur,Urban,0,0,4,29714,110168,54935,55233,32.08,3434
33,624,5843,SUB-DISTRICT,Periyakulam,Total,13,3,6,57001,217358,109907,107451,373.5326098,582
33,624,5843,SUB-DISTRICT,Periyakulam,Rural,13,3,0,27208,102741,52232,50509,324.5876098,317
33,624,5843,SUB-DISTRICT,Periyakulam,Urban,0,0,6,29793,114617,57675,56942,48.945,2342
33,624,5844,SUB-DISTRICT,Theni ,Total,10,4,3,54239,199983,100352,99631,204.5276308,978
33,624,5844,SUB-DISTRICT,Theni ,Rural,10,4,0,20411,74493,37343,37150,169.7976308,439
33,624,5844,SUB-DISTRICT,Theni ,Urban,0,0,3,33828,125490,63009,62481,34.73,3613
33,624,5845,SUB-DISTRICT,Uthamapalayam,Total,23,9,14,118381,435069,217142,217927,831.3615816,523
33,624,5845,SUB-DISTRICT,Uthamapalayam,Rural,23,9,0,37835,142150,71582,70568,655.7015816,217
33,624,5845,SUB-DISTRICT,Uthamapalayam,Urban,0,0,14,80546,292919,145560,147359,175.66,1668
33,624,5846,SUB-DISTRICT,Andipatti,Total,22,2,1,58902,212700,107856,104844,950.6309218,224
33,624,5846,SUB-DISTRICT,Andipatti,Rural,22,2,0,51390,185413,94232,91181,944.7409218,196
33,624,5846,SUB-DISTRICT,Andipatti,Urban,0,0,1,7512,27287,13624,13663,5.89,4633
33,625,0,DISTRICT,Virudhunagar,Total,475,95,44,537748,1942288,967709,974579,4240.998101,458
33,625,0,DISTRICT,Virudhunagar,Rural,475,95,0,265002,962062,480360,481702,3794.298101,254
33,625,0,DISTRICT,Virudhunagar,Urban,0,0,44,272746,980226,487349,492877,446.7,2194
33,625,5847,SUB-DISTRICT,Rajapalayam,Total,33,5,6,100543,347668,173529,174139,465.8254031,746
33,625,5847,SUB-DISTRICT,Rajapalayam,Rural,33,5,0,44674,154898,77601,77297,409.7254031,378
33,625,5847,SUB-DISTRICT,Rajapalayam,Urban,0,0,6,55869,192770,95928,96842,56.1,3436
33,625,5848,SUB-DISTRICT,Srivilliputhur,Total,47,9,7,82678,293209,146005,147204,683.5088591,429
33,625,5848,SUB-DISTRICT,Srivilliputhur,Rural,47,9,0,39977,143314,71703,71611,621.3588591,231
33,625,5848,SUB-DISTRICT,Srivilliputhur,Urban,0,0,7,42701,149895,74302,75593,62.15,2412
33,625,5849,SUB-DISTRICT,Sivakasi,Total,41,1,10,117312,426753,211880,214873,579.248604,737
33,625,5849,SUB-DISTRICT,Sivakasi,Rural,41,1,0,44399,161643,80012,81631,430.358604,376
33,625,5849,SUB-DISTRICT,Sivakasi,Urban,0,0,10,72913,265110,131868,133242,148.89,1781
33,625,5850,SUB-DISTRICT,Virudhunagar,Total,45,2,8,68688,251097,125551,125546,437.2522516,574
33,625,5850,SUB-DISTRICT,Virudhunagar,Rural,45,2,0,28021,101182,50692,50490,366.4922516,276
33,625,5850,SUB-DISTRICT,Virudhunagar,Urban,0,0,8,40667,149915,74859,75056,70.76,2119
33,625,5851,SUB-DISTRICT,Kariapatti,Total,74,27,2,28032,105428,52993,52435,397.5819718,265
33,625,5851,SUB-DISTRICT,Kariapatti,Rural,74,27,0,19843,74251,37337,36914,370.8819718,200
33,625,5851,SUB-DISTRICT,Kariapatti,Urban,0,0,2,8189,31177,15656,15521,26.7,1168
33,625,5852,SUB-DISTRICT,Tiruchuli,Total,109,41,0,25806,103290,52072,51218,551.1931882,187
33,625,5852,SUB-DISTRICT,Tiruchuli,Rural,109,41,0,25806,103290,52072,51218,551.1931882,187
33,625,5852,SUB-DISTRICT,Tiruchuli,Urban,0,0,0,0,0,0,0,0,0
33,625,5853,SUB-DISTRICT,Aruppukkottai,Total,68,7,5,66798,246236,122528,123708,633.9332201,388
33,625,5853,SUB-DISTRICT,Aruppukkottai,Rural,68,7,0,32938,121181,60338,60843,585.8532201,207
33,625,5853,SUB-DISTRICT,Aruppukkottai,Urban,0,0,5,33860,125055,62190,62865,48.08,2601
33,625,5854,SUB-DISTRICT,Sattur,Total,58,3,6,47891,168607,83151,85456,492.4546035,342
33,625,5854,SUB-DISTRICT,Sattur,Rural,58,3,0,29344,102303,50605,51698,458.4346035,223
33,625,5854,SUB-DISTRICT,Sattur,Urban,0,0,6,18547,66304,32546,33758,34.02,1949
33,626,0,DISTRICT,Ramanathapuram,Total,383,10,17,323905,1353445,682658,670787,4103.999538,330
33,626,0,DISTRICT,Ramanathapuram,Rural,383,10,0,228764,942746,474508,468238,3912.989538,241
33,626,0,DISTRICT,Ramanathapuram,Urban,0,0,17,95141,410699,208150,202549,191.01,2150
33,626,5855,SUB-DISTRICT,Tiruvadanai,Total,92,2,3,50212,212029,106094,105935,827.8001215,256
33,626,5855,SUB-DISTRICT,Tiruvadanai,Rural,92,2,0,42150,174992,87479,87513,801.3771215,218
33,626,5855,SUB-DISTRICT,Tiruvadanai,Urban,0,0,3,8062,37037,18615,18422,26.423,1402
33,626,5856,SUB-DISTRICT,Paramakudi,Total,93,0,2,66337,265142,134134,131008,747.9298837,355
33,626,5856,SUB-DISTRICT,Paramakudi,Rural,93,0,0,40953,161331,81382,79949,728.6398837,221
33,626,5856,SUB-DISTRICT,Paramakudi,Urban,0,0,2,25384,103811,52752,51059,19.29,5382
33,626,5857,SUB-DISTRICT,Mudukulathur,Total,42,3,1,28974,113432,56531,56901,489.6253069,232
33,626,5857,SUB-DISTRICT,Mudukulathur,Rural,42,3,0,25415,98643,49067,49576,466.6253069,211
33,626,5857,SUB-DISTRICT,Mudukulathur,Urban,0,0,1,3559,14789,7464,7325,23,643
33,626,5858,SUB-DISTRICT,Kamuthi,Total,49,0,2,32847,135658,68458,67200,568.1025158,239
33,626,5858,SUB-DISTRICT,Kamuthi,Rural,49,0,0,27538,112760,57031,55729,559.9225158,201
33,626,5858,SUB-DISTRICT,Kamuthi,Urban,0,0,2,5309,22898,11427,11471,8.18,2799
33,626,5859,SUB-DISTRICT,Kadaladi,Total,40,4,1,34065,145277,73448,71829,613.6730698,237
33,626,5859,SUB-DISTRICT,Kadaladi,Rural,40,4,0,30448,130476,65839,64637,601.4730698,217
33,626,5859,SUB-DISTRICT,Kadaladi,Urban,0,0,1,3617,14801,7609,7192,12.2,1213
33,626,5860,SUB-DISTRICT,Ramanathapuram,Total,66,1,7,92369,399232,202047,197185,764.5195916,522
33,626,5860,SUB-DISTRICT,Ramanathapuram,Rural,66,1,0,53738,226725,114547,112178,715.5995916,317
33,626,5860,SUB-DISTRICT,Ramanathapuram,Urban,0,0,7,38631,172507,87500,85007,48.92,3526
33,626,5861,SUB-DISTRICT,Rameswaram,Total,1,0,1,19101,82675,41946,40729,92.34904917,895
33,626,5861,SUB-DISTRICT,Rameswaram,Rural,1,0,0,8522,37819,19163,18656,39.34904917,961
33,626,5861,SUB-DISTRICT,Rameswaram,Urban,0,0,1,10579,44856,22783,22073,53,846
33,627,0,DISTRICT,Thoothukkudi,Total,432,7,35,462010,1750176,865021,885155,4745,369
33,627,0,DISTRICT,Thoothukkudi,Rural,432,7,0,235449,873374,430361,443013,4330.2,202
33,627,0,DISTRICT,Thoothukkudi,Urban,0,0,35,226561,876802,434660,442142,414.8,2114
33,627,5862,SUB-DISTRICT,Kovilpatti,Total,72,1,9,89004,321323,157825,163498,823.3728417,390
33,627,5862,SUB-DISTRICT,Kovilpatti,Rural,72,1,0,37084,130471,64448,66023,731.6808417,178
33,627,5862,SUB-DISTRICT,Kovilpatti,Urban,0,0,9,51920,190852,93377,97475,91.692,2081
33,627,5863,SUB-DISTRICT,Ettayapuram,Total,55,0,1,22161,74991,36490,38501,495.4699775,151
33,627,5863,SUB-DISTRICT,Ettayapuram,Rural,55,0,0,18515,62219,30187,32032,483.4699775,129
33,627,5863,SUB-DISTRICT,Ettayapuram,Urban,0,0,1,3646,12772,6303,6469,12,1064
33,627,5864,SUB-DISTRICT,Vilathikulam,Total,83,3,2,38335,139581,69556,70025,865.2524542,161
33,627,5864,SUB-DISTRICT,Vilathikulam,Rural,83,3,0,31924,115413,57493,57920,841.7324542,137
33,627,5864,SUB-DISTRICT,Vilathikulam,Urban,0,0,2,6411,24168,12063,12105,23.52,1028
33,627,5865,SUB-DISTRICT,Ottapidaram,Total,63,0,1,32955,123356,61709,61647,749.4630631,165
33,627,5865,SUB-DISTRICT,Ottapidaram,Rural,63,0,0,30912,115344,57592,57752,740.7530631,156
33,627,5865,SUB-DISTRICT,Ottapidaram,Urban,0,0,1,2043,8012,4117,3895,8.71,920
33,627,5866,SUB-DISTRICT,Thoothukkudi,Total,24,1,7,122574,478328,239342,238986,361.8990265,1322
33,627,5866,SUB-DISTRICT,Thoothukkudi,Rural,24,1,0,17497,66700,33384,33316,259.1790265,257
33,627,5866,SUB-DISTRICT,Thoothukkudi,Urban,0,0,7,105077,411628,205958,205670,102.72,4007
33,627,5867,SUB-DISTRICT,Srivaikuntam,Total,65,0,4,52689,202962,100416,102546,601.2833977,338
33,627,5867,SUB-DISTRICT,Srivaikuntam,Rural,65,0,0,41151,157642,78006,79636,562.3553977,280
33,627,5867,SUB-DISTRICT,Srivaikuntam,Urban,0,0,4,11538,45320,22410,22910,38.928,1164
33,627,5868,SUB-DISTRICT,Tiruchendur,Total,46,1,10,78321,310945,152066,158879,480.2870364,647
33,627,5868,SUB-DISTRICT,Tiruchendur,Rural,46,1,0,36002,141088,68596,72492,348.3070364,405
33,627,5868,SUB-DISTRICT,Tiruchendur,Urban,0,0,10,42319,169857,83470,86387,131.98,1287
33,627,5869,SUB-DISTRICT,Sathankulam,Total,24,1,1,25971,98690,47617,51073,367.972203,268
33,627,5869,SUB-DISTRICT,Sathankulam,Rural,24,1,0,22364,84497,40655,43842,362.722203,233
33,627,5869,SUB-DISTRICT,Sathankulam,Urban,0,0,1,3607,14193,6962,7231,5.25,2703
33,628,0,DISTRICT,Tirunelveli ,Total,430,35,53,815528,3077233,1520912,1556321,6693,460
33,628,0,DISTRICT,Tirunelveli ,Rural,430,35,0,419057,1557004,768728,788276,5635.87,276
33,628,0,DISTRICT,Tirunelveli ,Urban,0,0,53,396471,1520229,752184,768045,1057.13,1438
33,628,5870,SUB-DISTRICT,Sivagiri,Total,19,1,4,54421,194156,95537,98619,533.6919638,364
33,628,5870,SUB-DISTRICT,Sivagiri,Rural,19,1,0,21313,72498,35269,37229,412.6319638,176
33,628,5870,SUB-DISTRICT,Sivagiri,Urban,0,0,4,33108,121658,60268,61390,121.06,1005
33,628,5871,SUB-DISTRICT,Sankarankoil,Total,83,2,2,95446,350144,172965,177179,966.4593508,362
33,628,5871,SUB-DISTRICT,Sankarankoil,Rural,83,2,0,78542,284530,140351,144179,937.6393508,303
33,628,5871,SUB-DISTRICT,Sankarankoil,Urban,0,0,2,16904,65614,32614,33000,28.82,2277
33,628,5872,SUB-DISTRICT,Veerakeralamputhur,Total,20,2,1,33403,123137,60715,62422,278.5592256,442
33,628,5872,SUB-DISTRICT,Veerakeralamputhur,Rural,20,2,0,23892,87865,43227,44638,252.5592256,348
33,628,5872,SUB-DISTRICT,Veerakeralamputhur,Urban,0,0,1,9511,35272,17488,17784,26,1357
33,628,5873,SUB-DISTRICT,Tenkasi,Total,26,4,8,103380,399946,199442,200504,511.588567,782
33,628,5873,SUB-DISTRICT,Tenkasi,Rural,26,4,0,45977,171306,85232,86074,384.468567,446
33,628,5873,SUB-DISTRICT,Tenkasi,Urban,0,0,8,57403,228640,114210,114430,127.12,1799
33,628,5874,SUB-DISTRICT,Shenkottai,Total,9,5,6,37855,141416,70899,70517,203.7170462,694
33,628,5874,SUB-DISTRICT,Shenkottai,Rural,9,5,0,14283,51557,25878,25679,118.5570462,435
33,628,5874,SUB-DISTRICT,Shenkottai,Urban,0,0,6,23572,89859,45021,44838,85.16,1055
33,628,5875,SUB-DISTRICT,Alangulam,Total,27,4,3,47594,176138,87050,89088,307.1807896,573
33,628,5875,SUB-DISTRICT,Alangulam,Rural,27,4,0,33603,125131,61753,63378,255.9807896,489
33,628,5875,SUB-DISTRICT,Alangulam,Urban,0,0,3,13991,51007,25297,25710,51.2,996
33,628,5876,SUB-DISTRICT,Tirunelveli,Total,58,5,3,166202,642835,317425,325410,569.4737831,1129
33,628,5876,SUB-DISTRICT,Tirunelveli,Rural,58,5,0,39302,145009,71657,73352,434.2037831,334
33,628,5876,SUB-DISTRICT,Tirunelveli,Urban,0,0,3,126900,497826,245768,252058,135.27,3680
33,628,5877,SUB-DISTRICT,Palayamkottai,Total,40,1,0,23324,91176,45240,45936,299.63139,304
33,628,5877,SUB-DISTRICT,Palayamkottai,Rural,40,1,0,23324,91176,45240,45936,299.63139,304
33,628,5877,SUB-DISTRICT,Palayamkottai,Urban,0,0,0,0,0,0,0,0,0
33,628,5878,SUB-DISTRICT,Ambasamudram,Total,56,8,14,116698,428031,210447,217584,1181.276738,362
33,628,5878,SUB-DISTRICT,Ambasamudram,Rural,56,8,0,49139,182786,90253,92533,916.1807384,200
33,628,5878,SUB-DISTRICT,Ambasamudram,Urban,0,0,14,67559,245245,120194,125051,265.096,925
33,628,5879,SUB-DISTRICT,Nanguneri,Total,57,2,5,58730,225602,110908,114694,965.0973457,234
33,628,5879,SUB-DISTRICT,Nanguneri,Rural,57,2,0,39165,149520,73486,76034,871.8173457,172
33,628,5879,SUB-DISTRICT,Nanguneri,Urban,0,0,5,19565,76082,37422,38660,93.28,816
33,628,5880,SUB-DISTRICT,Radhapuram,Total,35,1,7,78475,304652,150284,154368,876.3238,348
33,628,5880,SUB-DISTRICT,Radhapuram,Rural,35,1,0,50517,195626,96382,99244,752.2038,260
33,628,5880,SUB-DISTRICT,Radhapuram,Urban,0,0,7,27958,109026,53902,55124,124.12,878
33,629,0,DISTRICT,Kanniyakumari,Total,56,7,96,483539,1870374,926345,944029,1683.998875,1111
33,629,0,DISTRICT,Kanniyakumari,Rural,56,7,0,85478,330572,164938,165634,1021.158875,324
33,629,0,DISTRICT,Kanniyakumari,Urban,0,0,96,398061,1539802,761407,778395,662.84,2323
33,629,5881,SUB-DISTRICT,Vilavancode,Total,8,0,37,148746,590567,291713,298854,395.039211,1495
33,629,5881,SUB-DISTRICT,Vilavancode,Rural,8,0,0,14323,60983,30509,30474,170.359211,358
33,629,5881,SUB-DISTRICT,Vilavancode,Urban,0,0,37,134423,529584,261204,268380,224.68,2357
33,629,5882,SUB-DISTRICT,Kalkulam,Total,17,0,32,154700,606706,302183,304523,632.9843151,958
33,629,5882,SUB-DISTRICT,Kalkulam,Rural,17,0,0,28844,113334,56825,56509,395.0753151,287
33,629,5882,SUB-DISTRICT,Kalkulam,Urban,0,0,32,125856,493372,245358,248014,237.909,2074
33,629,5883,SUB-DISTRICT,Thovala,Total,12,6,6,33151,120926,60056,60870,377.7402728,320
33,629,5883,SUB-DISTRICT,Thovala,Rural,12,6,0,13955,50496,25099,25397,323.4642728,156
33,629,5883,SUB-DISTRICT,Thovala,Urban,0,0,6,19196,70430,34957,35473,54.276,1298
33,629,5884,SUB-DISTRICT,Agastheeswaram,Total,19,1,21,146942,552175,272393,279782,278.2350765,1985
33,629,5884,SUB-DISTRICT,Agastheeswaram,Rural,19,1,0,28356,105759,52505,53254,132.2580765,800
33,629,5884,SUB-DISTRICT,Agastheeswaram,Urban,0,0,21,118586,446416,219888,226528,145.977,3058
33,630,0,DISTRICT,Dharmapuri,Total,448,38,13,375873,1506843,774303,732540,4497,335
33,630,0,DISTRICT,Dharmapuri,Rural,448,38,0,310409,1245931,643215,602716,4407.43,283
33,630,0,DISTRICT,Dharmapuri,Urban,0,0,13,65464,260912,131088,129824,89.57,2913
33,630,5885,SUB-DISTRICT,Palakkodu,Total,94,0,3,84641,346489,178574,167915,750.1387387,462
33,630,5885,SUB-DISTRICT,Palakkodu,Rural,94,0,0,73116,299568,155018,144550,742.8387387,403
33,630,5885,SUB-DISTRICT,Palakkodu,Urban,0,0,3,11525,46921,23556,23365,7.3,6428
33,630,5886,SUB-DISTRICT,Harur,Total,166,11,2,61776,240908,122571,118337,962.7888293,250
33,630,5886,SUB-DISTRICT,Harur,Rural,166,11,0,52145,203245,103774,99471,940.7988293,216
33,630,5886,SUB-DISTRICT,Harur,Urban,0,0,2,9631,37663,18797,18866,21.99,1713
33,630,5887,SUB-DISTRICT,Pappireddipatti,Total,91,10,3,62806,243445,123771,119674,861.957935,282
33,630,5887,SUB-DISTRICT,Pappireddipatti,Rural,91,10,0,54324,209989,106867,103122,838.297935,250
33,630,5887,SUB-DISTRICT,Pappireddipatti,Urban,0,0,3,8482,33456,16904,16552,23.66,1414
33,630,5888,SUB-DISTRICT,Dharmapuri,Total,59,3,3,109252,441148,226210,214938,791.7465778,557
33,630,5888,SUB-DISTRICT,Dharmapuri,Rural,59,3,0,80692,327930,169450,158480,768.1665778,427
33,630,5888,SUB-DISTRICT,Dharmapuri,Urban,0,0,3,28560,113218,56760,56458,23.58,4801
33,630,5889,SUB-DISTRICT,Pennagaram,Total,38,14,2,57398,234853,123177,111676,1130.367919,208
33,630,5889,SUB-DISTRICT,Pennagaram,Rural,38,14,0,50132,205199,108106,97093,1117.327919,184
33,630,5889,SUB-DISTRICT,Pennagaram,Urban,0,0,2,7266,29654,15071,14583,13.04,2274
33,631,0,DISTRICT,Krishnagiri,Total,602,53,14,448053,1879809,960232,919577,5129,367
33,631,0,DISTRICT,Krishnagiri,Rural,602,53,0,342859,1451446,742444,709002,4965.73,292
33,631,0,DISTRICT,Krishnagiri,Urban,0,0,14,105194,428363,217788,210575,163.27,2624
33,631,5890,SUB-DISTRICT,Hosur,Total,154,14,5,129512,539663,277136,262527,957.7647969,563
33,631,5890,SUB-DISTRICT,Hosur,Rural,154,14,0,70800,310135,159142,150993,897.8547969,345
33,631,5890,SUB-DISTRICT,Hosur,Urban,0,0,5,58712,229528,117994,111534,59.91,3831
33,631,5891,SUB-DISTRICT,Krishnagiri,Total,138,8,5,141113,597071,300821,296250,1276.192756,468
33,631,5891,SUB-DISTRICT,Krishnagiri,Rural,138,8,0,109964,464232,234646,229586,1225.602756,379
33,631,5891,SUB-DISTRICT,Krishnagiri,Urban,0,0,5,31149,132839,66175,66664,50.59,2626
33,631,5892,SUB-DISTRICT,Denkanikottai,Total,89,29,2,79272,347474,178989,168485,1995.459203,174
33,631,5892,SUB-DISTRICT,Denkanikottai,Rural,89,29,0,70781,309901,159980,149921,1975.089203,157
33,631,5892,SUB-DISTRICT,Denkanikottai,Urban,0,0,2,8491,37573,19009,18564,20.37,1845
33,631,5893,SUB-DISTRICT,Pochampalli,Total,39,1,1,45413,182310,93602,88708,369.6369293,493
33,631,5893,SUB-DISTRICT,Pochampalli,Rural,39,1,0,42930,172357,88413,83944,354.6369293,486
33,631,5893,SUB-DISTRICT,Pochampalli,Urban,0,0,1,2483,9953,5189,4764,15,664
33,631,5894,SUB-DISTRICT,Uthangarai,Total,182,1,1,52743,213291,109684,103607,529.9463147,402
33,631,5894,SUB-DISTRICT,Uthangarai,Rural,182,1,0,48384,194821,100263,94558,512.5463147,380
33,631,5894,SUB-DISTRICT,Uthangarai,Urban,0,0,1,4359,18470,9421,9049,17.4,1061
33,632,0,DISTRICT,Coimbatore,Total,219,18,69,958035,3458045,1729297,1728748,4731.997041,731
33,632,0,DISTRICT,Coimbatore,Rural,219,18,0,242157,839105,419032,420073,3103.877041,270
33,632,0,DISTRICT,Coimbatore,Urban,0,0,69,715878,2618940,1310265,1308675,1628.12,1609
33,632,5895,SUB-DISTRICT,Mettupalayam,Total,22,8,3,73189,260172,129447,130725,635.1992644,410
33,632,5895,SUB-DISTRICT,Mettupalayam,Rural,22,8,0,39680,137570,68643,68927,611.7192644,225
33,632,5895,SUB-DISTRICT,Mettupalayam,Urban,0,0,3,33509,122602,60804,61798,23.48,5222
33,632,5896,SUB-DISTRICT,Sulur,Total,30,0,13,93100,321051,161169,159882,568.2670076,565
33,632,5896,SUB-DISTRICT,Sulur,Rural,30,0,0,37694,128472,64503,63969,404.7820076,317
33,632,5896,SUB-DISTRICT,Sulur,Urban,0,0,13,55406,192579,96666,95913,163.485,1178
33,632,5897,SUB-DISTRICT,Coimbatore North,Total,32,3,19,176703,637389,320620,316769,873.4350834,730
33,632,5897,SUB-DISTRICT,Coimbatore North,Rural,32,3,0,47879,169265,84785,84480,659.1650834,257
33,632,5897,SUB-DISTRICT,Coimbatore North,Urban,0,0,19,128824,468124,235835,232289,214.27,2185
33,632,5898,SUB-DISTRICT,Coimbatore South,Total,20,6,19,430094,1592646,797022,795624,773.8731025,2058
33,632,5898,SUB-DISTRICT,Coimbatore South,Rural,20,6,0,22949,82321,41133,41188,423.2911025,194
33,632,5898,SUB-DISTRICT,Coimbatore South,Urban,0,0,19,407145,1510325,755889,754436,350.582,4308
33,632,5899,SUB-DISTRICT,Pollachi,Total,115,1,14,165932,575928,285835,290093,1176.243304,490
33,632,5899,SUB-DISTRICT,Pollachi,Rural,115,1,0,93955,321477,159968,161509,969.5833042,332
33,632,5899,SUB-DISTRICT,Pollachi,Urban,0,0,14,71977,254451,125867,128584,206.66,1231
33,632,5900,SUB-DISTRICT,Valparai,Total,0,0,1,19017,70859,35204,35655,704.9792786,101
33,632,5900,SUB-DISTRICT,Valparai,Rural,0,0,0,0,0,0,0,35.33927859,0
33,632,5900,SUB-DISTRICT,Valparai,Urban,0,0,1,19017,70859,35204,35655,669.64,106
33,633,0,DISTRICT,Tiruppur,Total,297,0,49,712210,2479052,1246159,1232893,5187,478
33,633,0,DISTRICT,Tiruppur,Rural,297,0,0,283187,957941,479309,478632,4354.47,220
33,633,0,DISTRICT,Tiruppur,Urban,0,0,49,429023,1521111,766850,754261,832.53,1827
33,633,5901,SUB-DISTRICT,Kangeyam,Total,39,0,3,64069,209385,104751,104634,842.4024835,249
33,633,5901,SUB-DISTRICT,Kangeyam,Rural,39,0,0,38515,123667,61824,61843,722.7824835,171
33,633,5901,SUB-DISTRICT,Kangeyam,Urban,0,0,3,25554,85718,42927,42791,119.62,717
33,633,5902,SUB-DISTRICT,Dharapuram,Total,62,0,6,86520,282752,140576,142176,1354.408838,209
33,633,5902,SUB-DISTRICT,Dharapuram,Rural,62,0,0,53660,170965,85519,85446,1174.638838,146
33,633,5902,SUB-DISTRICT,Dharapuram,Urban,0,0,6,32860,111787,55057,56730,179.77,622
33,633,5903,SUB-DISTRICT,Avanashi,Total,76,0,12,96346,340899,169340,171559,683.8449792,499
33,633,5903,SUB-DISTRICT,Avanashi,Rural,76,0,0,56027,196776,98134,98642,575.4949792,342
33,633,5903,SUB-DISTRICT,Avanashi,Urban,0,0,12,40319,144123,71206,72917,108.35,1330
33,633,5904,SUB-DISTRICT,Tiruppur,Total,10,0,14,274341,981247,499437,481810,372.1761147,2637
33,633,5904,SUB-DISTRICT,Tiruppur,Rural,10,0,0,18343,64322,32601,31721,164.2861147,392
33,633,5904,SUB-DISTRICT,Tiruppur,Urban,0,0,14,255998,916925,466836,450089,207.89,4411
33,633,5905,SUB-DISTRICT,Palladam,Total,25,0,5,70223,245522,123576,121946,502.8245884,488
33,633,5905,SUB-DISTRICT,Palladam,Rural,25,0,0,39955,139360,69911,69449,422.7245884,330
33,633,5905,SUB-DISTRICT,Palladam,Urban,0,0,5,30268,106162,53665,52497,80.1,1325
33,633,5906,SUB-DISTRICT,Udumalaipettai,Total,50,0,5,68008,237861,118141,119720,900.8551415,264
33,633,5906,SUB-DISTRICT,Udumalaipettai,Rural,50,0,0,38396,132190,66124,66066,841.7451415,157
33,633,5906,SUB-DISTRICT,Udumalaipettai,Urban,0,0,5,29612,105671,52017,53654,59.11,1788
33,633,5907,SUB-DISTRICT,Madathukulam,Total,35,0,4,52703,181386,90338,91048,530.4878544,342
33,633,5907,SUB-DISTRICT,Madathukulam,Rural,35,0,0,38291,130661,65196,65465,452.7988544,289
33,633,5907,SUB-DISTRICT,Madathukulam,Urban,0,0,4,14412,50725,25142,25583,77.689,653
